岗位名称,职级,工作年限要求,薪资,核心能力要求
初级后端开发工程师,P1（初级）,0-1年,8K-15K,掌握岗位基础技能，能在指导下完成基础工作，理解岗位核心流程，具备基本职业素养。
初级前端开发工程师,P1（初级）,0-1年,8K-15K,掌握岗位基础技能，能在指导下完成基础工作，理解岗位核心流程，具备基本职业素养。
初级移动端开发工程师,P1（初级）,0-1年,8K-15K,掌握岗位基础技能，能在指导下完成基础工作，理解岗位核心流程，具备基本职业素养。
初级全栈开发工程师,P1（初级）,0-1年,8K-15K,掌握岗位基础技能，能在指导下完成基础工作，理解岗位核心流程，具备基本职业素养。
初级测试工程师,P1（初级）,0-1年,8K-15K,掌握岗位基础技能，能在指导下完成基础工作，理解岗位核心流程，具备基本职业素养。
初级运维/DevOps工程师,P1（初级）,0-1年,8K-15K,掌握岗位基础技能，能在指导下完成基础工作，理解岗位核心流程，具备基本职业素养。
初级AI应用工程师,P1（初级）,0-1年,8K-15K,掌握岗位基础技能，能在指导下完成基础工作，理解岗位核心流程，具备基本职业素养。
初级网络安全专员,P1（初级）,0-1年,8K-15K,掌握岗位基础技能，能在指导下完成基础工作，理解岗位核心流程，具备基本职业素养。
产品助理,P1（初级）,0-1年,7K-13K,掌握岗位基础技能，能在指导下完成基础工作，理解岗位核心流程，具备基本职业素养。
需求分析助理,P1（初级）,0-1年,7K-13K,掌握岗位基础技能，能在指导下完成基础工作，理解岗位核心流程，具备基本职业素养。
UI设计助理,P1（初级）,0-1年,7K-14K,掌握岗位基础技能，能在指导下完成基础工作，理解岗位核心流程，具备基本职业素养。
UX设计助理,P1（初级）,0-1年,7K-14K,掌握岗位基础技能，能在指导下完成基础工作，理解岗位核心流程，具备基本职业素养。
平面设计助理,P1（初级）,0-1年,7K-14K,掌握岗位基础技能，能在指导下完成基础工作，理解岗位核心流程，具备基本职业素养。
交互设计助理,P1（初级）,0-1年,7K-14K,掌握岗位基础技能，能在指导下完成基础工作，理解岗位核心流程，具备基本职业素养。
内容运营助理,P1（初级）,0-1年,6K-12K,掌握岗位基础技能，能在指导下完成基础工作，理解岗位核心流程，具备基本职业素养。
用户运营助理,P1（初级）,0-1年,6K-12K,掌握岗位基础技能，能在指导下完成基础工作，理解岗位核心流程，具备基本职业素养。
活动运营助理,P1（初级）,0-1年,6K-12K,掌握岗位基础技能，能在指导下完成基础工作，理解岗位核心流程，具备基本职业素养。
数据运营助理,P1（初级）,0-1年,6K-12K,掌握岗位基础技能，能在指导下完成基础工作，理解岗位核心流程，具备基本职业素养。
社群运营助理,P1（初级）,0-1年,6K-12K,掌握岗位基础技能，能在指导下完成基础工作，理解岗位核心流程，具备基本职业素养。
市场专员助理,P1（初级）,0-1年,6K-12K,掌握岗位基础技能，能在指导下完成基础工作，理解岗位核心流程，具备基本职业素养。
品牌推广助理,P1（初级）,0-1年,6K-12K,掌握岗位基础技能，能在指导下完成基础工作，理解岗位核心流程，具备基本职业素养。
新媒体运营助理,P1（初级）,0-1年,6K-12K,掌握岗位基础技能，能在指导下完成基础工作，理解岗位核心流程，具备基本职业素养。
市场活动助理,P1（初级）,0-1年,6K-12K,掌握岗位基础技能，能在指导下完成基础工作，理解岗位核心流程，具备基本职业素养。
初级销售代表,P1（初级）,0-1年,5K-10K（底薪）+提成,掌握岗位基础技能，能在指导下完成基础工作，理解岗位核心流程，具备基本职业素养。
客户代表助理,P1（初级）,0-1年,5K-10K（底薪）+提成,掌握岗位基础技能，能在指导下完成基础工作，理解岗位核心流程，具备基本职业素养。
售前顾问助理,P1（初级）,0-1年,5K-10K（底薪）+提成,掌握岗位基础技能，能在指导下完成基础工作，理解岗位核心流程，具备基本职业素养。
售后技术支持助理,P1（初级）,0-1年,5K-10K（底薪）+提成,掌握岗位基础技能，能在指导下完成基础工作，理解岗位核心流程，具备基本职业素养。
行政助理,P1（初级）,0-1年,5K-10K,掌握岗位基础技能，能在指导下完成基础工作，理解岗位核心流程，具备基本职业素养。
人事助理（招聘）,P1（初级）,0-1年,5K-10K,掌握岗位基础技能，能在指导下完成基础工作，理解岗位核心流程，具备基本职业素养。
人事助理（薪酬）,P1（初级）,0-1年,5K-10K,掌握岗位基础技能，能在指导下完成基础工作，理解岗位核心流程，具备基本职业素养。
财务助理,P1（初级）,0-1年,5K-10K,掌握岗位基础技能，能在指导下完成基础工作，理解岗位核心流程，具备基本职业素养。
法务助理,P1（初级）,0-1年,5K-10K,掌握岗位基础技能，能在指导下完成基础工作，理解岗位核心流程，具备基本职业素养。
采购助理,P1（初级）,0-1年,5K-10K,掌握岗位基础技能，能在指导下完成基础工作，理解岗位核心流程，具备基本职业素养。
数据分析师助理,P1（初级）,0-1年,7K-14K,掌握岗位基础技能，能在指导下完成基础工作，理解岗位核心流程，具备基本职业素养。
数据录入专员,P1（初级）,0-1年,7K-14K,掌握岗位基础技能，能在指导下完成基础工作，理解岗位核心流程，具备基本职业素养。
数据可视化助理,P1（初级）,0-1年,7K-14K,掌握岗位基础技能，能在指导下完成基础工作，理解岗位核心流程，具备基本职业素养。
数据治理助理,P1（初级）,0-1年,7K-14K,掌握岗位基础技能，能在指导下完成基础工作，理解岗位核心流程，具备基本职业素养。
中级后端开发工程师,P2（中级）,1-3年,15K-25K,熟练掌握岗位核心技能，能独立完成模块工作/项目任务，解决常见问题，具备跨岗位协作能力。
中级前端开发工程师,P2（中级）,1-3年,15K-25K,熟练掌握岗位核心技能，能独立完成模块工作/项目任务，解决常见问题，具备跨岗位协作能力。
中级移动端开发工程师,P2（中级）,1-3年,15K-25K,熟练掌握岗位核心技能，能独立完成模块工作/项目任务，解决常见问题，具备跨岗位协作能力。
中级全栈开发工程师,P2（中级）,1-3年,15K-25K,熟练掌握岗位核心技能，能独立完成模块工作/项目任务，解决常见问题，具备跨岗位协作能力。
中级测试工程师,P2（中级）,1-3年,15K-25K,熟练掌握岗位核心技能，能独立完成模块工作/项目任务，解决常见问题，具备跨岗位协作能力。
中级运维/DevOps工程师,P2（中级）,1-3年,15K-25K,熟练掌握岗位核心技能，能独立完成模块工作/项目任务，解决常见问题，具备跨岗位协作能力。
AI算法助理工程师,P2（中级）,1-3年,15K-25K,熟练掌握岗位核心技能，能独立完成模块工作/项目任务，解决常见问题，具备跨岗位协作能力。
云平台助理工程师,P2（中级）,1-3年,15K-25K,熟练掌握岗位核心技能，能独立完成模块工作/项目任务，解决常见问题，具备跨岗位协作能力。
初级产品经理（B端）,P2（中级）,1-3年,12K-20K,熟练掌握岗位核心技能，能独立完成模块工作/项目任务，解决常见问题，具备跨岗位协作能力。
初级产品经理（C端）,P2（中级）,1-3年,12K-20K,熟练掌握岗位核心技能，能独立完成模块工作/项目任务，解决常见问题，具备跨岗位协作能力。
初级产品经理（AI）,P2（中级）,1-3年,12K-20K,熟练掌握岗位核心技能，能独立完成模块工作/项目任务，解决常见问题，具备跨岗位协作能力。
初级产品经理（数据）,P2（中级）,1-3年,12K-20K,熟练掌握岗位核心技能，能独立完成模块工作/项目任务，解决常见问题，具备跨岗位协作能力。
需求分析师,P2（中级）,1-3年,12K-20K,熟练掌握岗位核心技能，能独立完成模块工作/项目任务，解决常见问题，具备跨岗位协作能力。
产品运营专员,P2（中级）,1-3年,12K-20K,熟练掌握岗位核心技能，能独立完成模块工作/项目任务，解决常见问题，具备跨岗位协作能力。
UI设计师,P2（中级）,1-3年,12K-22K,熟练掌握岗位核心技能，能独立完成模块工作/项目任务，解决常见问题，具备跨岗位协作能力。
UX设计师,P2（中级）,1-3年,12K-22K,熟练掌握岗位核心技能，能独立完成模块工作/项目任务，解决常见问题，具备跨岗位协作能力。
平面设计师,P2（中级）,1-3年,12K-22K,熟练掌握岗位核心技能，能独立完成模块工作/项目任务，解决常见问题，具备跨岗位协作能力。
交互设计师,P2（中级）,1-3年,12K-22K,熟练掌握岗位核心技能，能独立完成模块工作/项目任务，解决常见问题，具备跨岗位协作能力。
动效设计师,P2（中级）,1-3年,12K-22K,熟练掌握岗位核心技能，能独立完成模块工作/项目任务，解决常见问题，具备跨岗位协作能力。
品牌设计师助理,P2（中级）,1-3年,12K-22K,熟练掌握岗位核心技能，能独立完成模块工作/项目任务，解决常见问题，具备跨岗位协作能力。
内容运营专员,P2（中级）,1-3年,10K-18K,熟练掌握岗位核心技能，能独立完成模块工作/项目任务，解决常见问题，具备跨岗位协作能力。
用户运营专员,P2（中级）,1-3年,10K-18K,熟练掌握岗位核心技能，能独立完成模块工作/项目任务，解决常见问题，具备跨岗位协作能力。
活动运营专员,P2（中级）,1-3年,10K-18K,熟练掌握岗位核心技能，能独立完成模块工作/项目任务，解决常见问题，具备跨岗位协作能力。
数据运营专员,P2（中级）,1-3年,10K-18K,熟练掌握岗位核心技能，能独立完成模块工作/项目任务，解决常见问题，具备跨岗位协作能力。
用户增长运营助理,P2（中级）,1-3年,10K-18K,熟练掌握岗位核心技能，能独立完成模块工作/项目任务，解决常见问题，具备跨岗位协作能力。
电商运营专员,P2（中级）,1-3年,10K-18K,熟练掌握岗位核心技能，能独立完成模块工作/项目任务，解决常见问题，具备跨岗位协作能力。
市场专员,P2（中级）,1-3年,10K-18K,熟练掌握岗位核心技能，能独立完成模块工作/项目任务，解决常见问题，具备跨岗位协作能力。
品牌推广专员,P2（中级）,1-3年,10K-18K,熟练掌握岗位核心技能，能独立完成模块工作/项目任务，解决常见问题，具备跨岗位协作能力。
新媒体运营专员,P2（中级）,1-3年,10K-18K,熟练掌握岗位核心技能，能独立完成模块工作/项目任务，解决常见问题，具备跨岗位协作能力。
渠道推广专员,P2（中级）,1-3年,10K-18K,熟练掌握岗位核心技能，能独立完成模块工作/项目任务，解决常见问题，具备跨岗位协作能力。
市场活动专员,P2（中级）,1-3年,10K-18K,熟练掌握岗位核心技能，能独立完成模块工作/项目任务，解决常见问题，具备跨岗位协作能力。
公关助理,P2（中级）,1-3年,10K-18K,熟练掌握岗位核心技能，能独立完成模块工作/项目任务，解决常见问题，具备跨岗位协作能力。
销售代表,P2（中级）,1-3年,8K-15K（底薪）+提成（月均综合15K-30K）,熟练掌握岗位核心技能，能独立完成模块工作/项目任务，解决常见问题，具备跨岗位协作能力。
客户经理,P2（中级）,1-3年,8K-15K（底薪）+提成（月均综合15K-30K）,熟练掌握岗位核心技能，能独立完成模块工作/项目任务，解决常见问题，具备跨岗位协作能力。
渠道销售专员,P2（中级）,1-3年,8K-15K（底薪）+提成（月均综合15K-30K）,熟练掌握岗位核心技能，能独立完成模块工作/项目任务，解决常见问题，具备跨岗位协作能力。
售前顾问,P2（中级）,1-3年,8K-15K（底薪）+提成（月均综合15K-30K）,熟练掌握岗位核心技能，能独立完成模块工作/项目任务，解决常见问题，具备跨岗位协作能力。
售后技术支持工程师,P2（中级）,1-3年,8K-15K（底薪）+提成（月均综合15K-30K）,熟练掌握岗位核心技能，能独立完成模块工作/项目任务，解决常见问题，具备跨岗位协作能力。
行政专员,P2（中级）,1-3年,8K-15K,熟练掌握岗位核心技能，能独立完成模块工作/项目任务，解决常见问题，具备跨岗位协作能力。
招聘专员,P2（中级）,1-3年,8K-15K,熟练掌握岗位核心技能，能独立完成模块工作/项目任务，解决常见问题，具备跨岗位协作能力。
薪酬专员,P2（中级）,1-3年,8K-15K,熟练掌握岗位核心技能，能独立完成模块工作/项目任务，解决常见问题，具备跨岗位协作能力。
绩效专员,P2（中级）,1-3年,8K-15K,熟练掌握岗位核心技能，能独立完成模块工作/项目任务，解决常见问题，具备跨岗位协作能力。
应收会计专员,P2（中级）,1-3年,8K-15K,熟练掌握岗位核心技能，能独立完成模块工作/项目任务，解决常见问题，具备跨岗位协作能力。
应付会计专员,P2（中级）,1-3年,8K-15K,熟练掌握岗位核心技能，能独立完成模块工作/项目任务，解决常见问题，具备跨岗位协作能力。
成本会计专员,P2（中级）,1-3年,8K-15K,熟练掌握岗位核心技能，能独立完成模块工作/项目任务，解决常见问题，具备跨岗位协作能力。
法务专员助理,P2（中级）,1-3年,8K-15K,熟练掌握岗位核心技能，能独立完成模块工作/项目任务，解决常见问题，具备跨岗位协作能力。
采购专员,P2（中级）,1-3年,8K-15K,熟练掌握岗位核心技能，能独立完成模块工作/项目任务，解决常见问题，具备跨岗位协作能力。
数据分析师,P2（中级）,1-3年,15K-25K,熟练掌握岗位核心技能，能独立完成模块工作/项目任务，解决常见问题，具备跨岗位协作能力。
数据可视化工程师,P2（中级）,1-3年,15K-25K,熟练掌握岗位核心技能，能独立完成模块工作/项目任务，解决常见问题，具备跨岗位协作能力。
数据治理专员,P2（中级）,1-3年,15K-25K,熟练掌握岗位核心技能，能独立完成模块工作/项目任务，解决常见问题，具备跨岗位协作能力。
初级数据挖掘工程师,P2（中级）,1-3年,15K-25K,熟练掌握岗位核心技能，能独立完成模块工作/项目任务，解决常见问题，具备跨岗位协作能力。
高级后端开发工程师,P3（高级）,3-5年,25K-40K,深入理解岗位技术/业务原理，能主导复杂模块/项目设计与落地，解决核心难点，具备技术选型/业务规划能力。
高级前端开发工程师,P3（高级）,3-5年,25K-40K,深入理解岗位技术/业务原理，能主导复杂模块/项目设计与落地，解决核心难点，具备技术选型/业务规划能力。
高级移动端开发工程师,P3（高级）,3-5年,25K-40K,深入理解岗位技术/业务原理，能主导复杂模块/项目设计与落地，解决核心难点，具备技术选型/业务规划能力。
高级全栈开发工程师,P3（高级）,3-5年,25K-40K,深入理解岗位技术/业务原理，能主导复杂模块/项目设计与落地，解决核心难点，具备技术选型/业务规划能力。
高级测试工程师（自动化/性能）,P3（高级）,3-5年,25K-40K,深入理解岗位技术/业务原理，能主导复杂模块/项目设计与落地，解决核心难点，具备技术选型/业务规划能力。
高级运维/DevOps工程师,P3（高级）,3-5年,25K-40K,深入理解岗位技术/业务原理，能主导复杂模块/项目设计与落地，解决核心难点，具备技术选型/业务规划能力。
AI算法工程师,P3（高级）,3-5年,25K-40K,深入理解岗位技术/业务原理，能主导复杂模块/项目设计与落地，解决核心难点，具备技术选型/业务规划能力。
云平台工程师,P3（高级）,3-5年,25K-40K,深入理解岗位技术/业务原理，能主导复杂模块/项目设计与落地，解决核心难点，具备技术选型/业务规划能力。
网络安全工程师,P3（高级）,3-5年,25K-40K,深入理解岗位技术/业务原理，能主导复杂模块/项目设计与落地，解决核心难点，具备技术选型/业务规划能力。
中级产品经理（B端）,P3（高级）,3-5年,20K-35K,深入理解岗位技术/业务原理，能主导复杂模块/项目设计与落地，解决核心难点，具备技术选型/业务规划能力。
中级产品经理（C端）,P3（高级）,3-5年,20K-35K,深入理解岗位技术/业务原理，能主导复杂模块/项目设计与落地，解决核心难点，具备技术选型/业务规划能力。
中级产品经理（AI）,P3（高级）,3-5年,20K-35K,深入理解岗位技术/业务原理，能主导复杂模块/项目设计与落地，解决核心难点，具备技术选型/业务规划能力。
中级产品经理（数据）,P3（高级）,3-5年,20K-35K,深入理解岗位技术/业务原理，能主导复杂模块/项目设计与落地，解决核心难点，具备技术选型/业务规划能力。
小模块产品负责人,P3（高级）,3-5年,20K-35K,深入理解岗位技术/业务原理，能主导复杂模块/项目设计与落地，解决核心难点，具备技术选型/业务规划能力。
产品运营主管,P3（高级）,3-5年,20K-35K,深入理解岗位技术/业务原理，能主导复杂模块/项目设计与落地，解决核心难点，具备技术选型/业务规划能力。
高级UI设计师,P3（高级）,3-5年,20K-35K,深入理解岗位技术/业务原理，能主导复杂模块/项目设计与落地，解决核心难点，具备技术选型/业务规划能力。
高级UX设计师,P3（高级）,3-5年,20K-35K,深入理解岗位技术/业务原理，能主导复杂模块/项目设计与落地，解决核心难点，具备技术选型/业务规划能力。
小团队设计组长,P3（高级）,3-5年,20K-35K,深入理解岗位技术/业务原理，能主导复杂模块/项目设计与落地，解决核心难点，具备技术选型/业务规划能力。
视觉设计主管,P3（高级）,3-5年,20K-35K,深入理解岗位技术/业务原理，能主导复杂模块/项目设计与落地，解决核心难点，具备技术选型/业务规划能力。
高级交互设计师,P3（高级）,3-5年,20K-35K,深入理解岗位技术/业务原理，能主导复杂模块/项目设计与落地，解决核心难点，具备技术选型/业务规划能力。
品牌设计师,P3（高级）,3-5年,20K-35K,深入理解岗位技术/业务原理，能主导复杂模块/项目设计与落地，解决核心难点，具备技术选型/业务规划能力。
运营主管,P3（高级）,3-5年,18K-30K,深入理解岗位技术/业务原理，能主导复杂模块/项目设计与落地，解决核心难点，具备技术选型/业务规划能力。
用户增长运营专员,P3（高级）,3-5年,18K-30K,深入理解岗位技术/业务原理，能主导复杂模块/项目设计与落地，解决核心难点，具备技术选型/业务规划能力。
电商运营主管,P3（高级）,3-5年,18K-30K,深入理解岗位技术/业务原理，能主导复杂模块/项目设计与落地，解决核心难点，具备技术选型/业务规划能力。
内容运营负责人,P3（高级）,3-5年,18K-30K,深入理解岗位技术/业务原理，能主导复杂模块/项目设计与落地，解决核心难点，具备技术选型/业务规划能力。
社群运营主管,P3（高级）,3-5年,18K-30K,深入理解岗位技术/业务原理，能主导复杂模块/项目设计与落地，解决核心难点，具备技术选型/业务规划能力。
市场主管,P3（高级）,3-5年,18K-30K,深入理解岗位技术/业务原理，能主导复杂模块/项目设计与落地，解决核心难点，具备技术选型/业务规划能力。
品牌经理,P3（高级）,3-5年,18K-30K,深入理解岗位技术/业务原理，能主导复杂模块/项目设计与落地，解决核心难点，具备技术选型/业务规划能力。
新媒体运营主管,P3（高级）,3-5年,18K-30K,深入理解岗位技术/业务原理，能主导复杂模块/项目设计与落地，解决核心难点，具备技术选型/业务规划能力。
渠道推广经理,P3（高级）,3-5年,18K-30K,深入理解岗位技术/业务原理，能主导复杂模块/项目设计与落地，解决核心难点，具备技术选型/业务规划能力。
市场活动经理,P3（高级）,3-5年,18K-30K,深入理解岗位技术/业务原理，能主导复杂模块/项目设计与落地，解决核心难点，具备技术选型/业务规划能力。
公关专员,P3（高级）,3-5年,18K-30K,深入理解岗位技术/业务原理，能主导复杂模块/项目设计与落地，解决核心难点，具备技术选型/业务规划能力。
高级销售代表,P3（高级）,3-5年,12K-20K（底薪）+提成（月均综合30K-60K）,深入理解岗位技术/业务原理，能主导复杂模块/项目设计与落地，解决核心难点，具备技术选型/业务规划能力。
销售主管,P3（高级）,3-5年,12K-20K（底薪）+提成（月均综合30K-60K）,深入理解岗位技术/业务原理，能主导复杂模块/项目设计与落地，解决核心难点，具备技术选型/业务规划能力。
大客户经理,P3（高级）,3-5年,12K-20K（底薪）+提成（月均综合30K-60K）,深入理解岗位技术/业务原理，能主导复杂模块/项目设计与落地，解决核心难点，具备技术选型/业务规划能力。
渠道销售经理,P3（高级）,3-5年,12K-20K（底薪）+提成（月均综合30K-60K）,深入理解岗位技术/业务原理，能主导复杂模块/项目设计与落地，解决核心难点，具备技术选型/业务规划能力。
高级售前顾问,P3（高级）,3-5年,12K-20K（底薪）+提成（月均综合30K-60K）,深入理解岗位技术/业务原理，能主导复杂模块/项目设计与落地，解决核心难点，具备技术选型/业务规划能力。
解决方案销售专员,P3（高级）,3-5年,12K-20K（底薪）+提成（月均综合30K-60K）,深入理解岗位技术/业务原理，能主导复杂模块/项目设计与落地，解决核心难点，具备技术选型/业务规划能力。
行政主管,P3（高级）,3-5年,15K-25K,深入理解岗位技术/业务原理，能主导复杂模块/项目设计与落地，解决核心难点，具备技术选型/业务规划能力。
人事主管,P3（高级）,3-5年,15K-25K,深入理解岗位技术/业务原理，能主导复杂模块/项目设计与落地，解决核心难点，具备技术选型/业务规划能力。
初级薪酬绩效经理,P3（高级）,3-5年,15K-25K,深入理解岗位技术/业务原理，能主导复杂模块/项目设计与落地，解决核心难点，具备技术选型/业务规划能力。
财务主管,P3（高级）,3-5年,15K-25K,深入理解岗位技术/业务原理，能主导复杂模块/项目设计与落地，解决核心难点，具备技术选型/业务规划能力。
税务专员（高级）,P3（高级）,3-5年,15K-25K,深入理解岗位技术/业务原理，能主导复杂模块/项目设计与落地，解决核心难点，具备技术选型/业务规划能力。
法务专员,P3（高级）,3-5年,15K-25K,深入理解岗位技术/业务原理，能主导复杂模块/项目设计与落地，解决核心难点，具备技术选型/业务规划能力。
采购主管,P3（高级）,3-5年,15K-25K,深入理解岗位技术/业务原理，能主导复杂模块/项目设计与落地，解决核心难点，具备技术选型/业务规划能力。
高级数据分析师,P3（高级）,3-5年,25K-40K,深入理解岗位技术/业务原理，能主导复杂模块/项目设计与落地，解决核心难点，具备技术选型/业务规划能力。
数据挖掘工程师,P3（高级）,3-5年,25K-40K,深入理解岗位技术/业务原理，能主导复杂模块/项目设计与落地，解决核心难点，具备技术选型/业务规划能力。
数据治理主管,P3（高级）,3-5年,25K-40K,深入理解岗位技术/业务原理，能主导复杂模块/项目设计与落地，解决核心难点，具备技术选型/业务规划能力。
数据架构师助理,P3（高级）,3-5年,25K-40K,深入理解岗位技术/业务原理，能主导复杂模块/项目设计与落地，解决核心难点，具备技术选型/业务规划能力。
资深开发工程师（后端/前端/移动端/全栈）,P4（资深）,5-8年,40K-60K,具备架构设计/业务战略落地能力，能主导中小型项目全流程，带领小团队完成目标，沉淀岗位方法论。
中级技术架构师,P4（资深）,5-8年,40K-60K,具备架构设计/业务战略落地能力，能主导中小型项目全流程，带领小团队完成目标，沉淀岗位方法论。
资深AI算法工程师,P4（资深）,5-8年,40K-60K,具备架构设计/业务战略落地能力，能主导中小型项目全流程，带领小团队完成目标，沉淀岗位方法论。
SRE专家,P4（资深）,5-8年,40K-60K,具备架构设计/业务战略落地能力，能主导中小型项目全流程，带领小团队完成目标，沉淀岗位方法论。
测试开发专家,P4（资深）,5-8年,40K-60K,具备架构设计/业务战略落地能力，能主导中小型项目全流程，带领小团队完成目标，沉淀岗位方法论。
嵌入式开发工程师（若有）,P4（资深）,5-8年,40K-60K,具备架构设计/业务战略落地能力，能主导中小型项目全流程，带领小团队完成目标，沉淀岗位方法论。
高级产品经理,P4（资深）,5-8年,35K-50K,具备架构设计/业务战略落地能力，能主导中小型项目全流程，带领小团队完成目标，沉淀岗位方法论。
初级产品总监,P4（资深）,5-8年,35K-50K,具备架构设计/业务战略落地能力，能主导中小型项目全流程，带领小团队完成目标，沉淀岗位方法论。
产品线负责人,P4（资深）,5-8年,35K-50K,具备架构设计/业务战略落地能力，能主导中小型项目全流程，带领小团队完成目标，沉淀岗位方法论。
产品战略助理,P4（资深）,5-8年,35K-50K,具备架构设计/业务战略落地能力，能主导中小型项目全流程，带领小团队完成目标，沉淀岗位方法论。
初级设计总监,P4（资深）,5-8年,35K-50K,具备架构设计/业务战略落地能力，能主导中小型项目全流程，带领小团队完成目标，沉淀岗位方法论。
资深UX设计专家,P4（资深）,5-8年,35K-50K,具备架构设计/业务战略落地能力，能主导中小型项目全流程，带领小团队完成目标，沉淀岗位方法论。
设计体系搭建负责人,P4（资深）,5-8年,35K-50K,具备架构设计/业务战略落地能力，能主导中小型项目全流程，带领小团队完成目标，沉淀岗位方法论。
高级品牌设计师,P4（资深）,5-8年,35K-50K,具备架构设计/业务战略落地能力，能主导中小型项目全流程，带领小团队完成目标，沉淀岗位方法论。
运营经理,P4（资深）,5-8年,30K-45K,具备架构设计/业务战略落地能力，能主导中小型项目全流程，带领小团队完成目标，沉淀岗位方法论。
用户增长负责人,P4（资深）,5-8年,30K-45K,具备架构设计/业务战略落地能力，能主导中小型项目全流程，带领小团队完成目标，沉淀岗位方法论。
运营体系搭建专家,P4（资深）,5-8年,30K-45K,具备架构设计/业务战略落地能力，能主导中小型项目全流程，带领小团队完成目标，沉淀岗位方法论。
电商运营经理,P4（资深）,5-8年,30K-45K,具备架构设计/业务战略落地能力，能主导中小型项目全流程，带领小团队完成目标，沉淀岗位方法论。
内容运营专家,P4（资深）,5-8年,30K-45K,具备架构设计/业务战略落地能力，能主导中小型项目全流程，带领小团队完成目标，沉淀岗位方法论。
市场经理,P4（资深）,5-8年,30K-45K,具备架构设计/业务战略落地能力，能主导中小型项目全流程，带领小团队完成目标，沉淀岗位方法论。
初级品牌总监,P4（资深）,5-8年,30K-45K,具备架构设计/业务战略落地能力，能主导中小型项目全流程，带领小团队完成目标，沉淀岗位方法论。
营销战略负责人,P4（资深）,5-8年,30K-45K,具备架构设计/业务战略落地能力，能主导中小型项目全流程，带领小团队完成目标，沉淀岗位方法论。
高级公关经理,P4（资深）,5-8年,30K-45K,具备架构设计/业务战略落地能力，能主导中小型项目全流程，带领小团队完成目标，沉淀岗位方法论。
增长营销专员,P4（资深）,5-8年,30K-45K,具备架构设计/业务战略落地能力，能主导中小型项目全流程，带领小团队完成目标，沉淀岗位方法论。
销售经理,P4（资深）,5-8年,20K-30K（底薪）+提成（月均综合60K-120K）,具备架构设计/业务战略落地能力，能主导中小型项目全流程，带领小团队完成目标，沉淀岗位方法论。
区域销售总监,P4（资深）,5-8年,20K-30K（底薪）+提成（月均综合60K-120K）,具备架构设计/业务战略落地能力，能主导中小型项目全流程，带领小团队完成目标，沉淀岗位方法论。
初级销售总监,P4（资深）,5-8年,20K-30K（底薪）+提成（月均综合60K-120K）,具备架构设计/业务战略落地能力，能主导中小型项目全流程，带领小团队完成目标，沉淀岗位方法论。
大客户总监,P4（资深）,5-8年,20K-30K（底薪）+提成（月均综合60K-120K）,具备架构设计/业务战略落地能力，能主导中小型项目全流程，带领小团队完成目标，沉淀岗位方法论。
高级解决方案销售经理,P4（资深）,5-8年,20K-30K（底薪）+提成（月均综合60K-120K）,具备架构设计/业务战略落地能力，能主导中小型项目全流程，带领小团队完成目标，沉淀岗位方法论。
人事经理,P4（资深）,5-8年,25K-40K,具备架构设计/业务战略落地能力，能主导中小型项目全流程，带领小团队完成目标，沉淀岗位方法论。
财务经理,P4（资深）,5-8年,25K-40K,具备架构设计/业务战略落地能力，能主导中小型项目全流程，带领小团队完成目标，沉淀岗位方法论。
行政经理,P4（资深）,5-8年,25K-40K,具备架构设计/业务战略落地能力，能主导中小型项目全流程，带领小团队完成目标，沉淀岗位方法论。
资深法务专员,P4（资深）,5-8年,25K-40K,具备架构设计/业务战略落地能力，能主导中小型项目全流程，带领小团队完成目标，沉淀岗位方法论。
采购经理,P4（资深）,5-8年,25K-40K,具备架构设计/业务战略落地能力，能主导中小型项目全流程，带领小团队完成目标，沉淀岗位方法论。
员工关系经理,P4（资深）,5-8年,25K-40K,具备架构设计/业务战略落地能力，能主导中小型项目全流程，带领小团队完成目标，沉淀岗位方法论。
资深数据分析师,P4（资深）,5-8年,40K-60K,具备架构设计/业务战略落地能力，能主导中小型项目全流程，带领小团队完成目标，沉淀岗位方法论。
数据挖掘专家,P4（资深）,5-8年,40K-60K,具备架构设计/业务战略落地能力，能主导中小型项目全流程，带领小团队完成目标，沉淀岗位方法论。
初级数据架构师,P4（资深）,5-8年,40K-60K,具备架构设计/业务战略落地能力，能主导中小型项目全流程，带领小团队完成目标，沉淀岗位方法论。
数据战略助理,P4（资深）,5-8年,40K-60K,具备架构设计/业务战略落地能力，能主导中小型项目全流程，带领小团队完成目标，沉淀岗位方法论。
技术专家（后端/前端/移动端/全栈）,P5（专家）,8-12年,60K-80K,行业内具备一定影响力，能主导大型项目/业务线战略规划，攻克重大技术/业务难题，推动团队能力迭代与体系搭建。
高级架构师,P5（专家）,8-12年,60K-80K,行业内具备一定影响力，能主导大型项目/业务线战略规划，攻克重大技术/业务难题，推动团队能力迭代与体系搭建。
AI首席算法工程师,P5（专家）,8-12年,60K-80K,行业内具备一定影响力，能主导大型项目/业务线战略规划，攻克重大技术/业务难题，推动团队能力迭代与体系搭建。
技术委员会成员,P5（专家）,8-12年,60K-80K,行业内具备一定影响力，能主导大型项目/业务线战略规划，攻克重大技术/业务难题，推动团队能力迭代与体系搭建。
网络安全专家,P5（专家）,8-12年,60K-80K,行业内具备一定影响力，能主导大型项目/业务线战略规划，攻克重大技术/业务难题，推动团队能力迭代与体系搭建。
嵌入式开发专家,P5（专家）,8-12年,60K-80K,行业内具备一定影响力，能主导大型项目/业务线战略规划，攻克重大技术/业务难题，推动团队能力迭代与体系搭建。
产品专家,P5（专家）,8-12年,50K-70K,行业内具备一定影响力，能主导大型项目/业务线战略规划，攻克重大技术/业务难题，推动团队能力迭代与体系搭建。
高级产品总监,P5（专家）,8-12年,50K-70K,行业内具备一定影响力，能主导大型项目/业务线战略规划，攻克重大技术/业务难题，推动团队能力迭代与体系搭建。
产品战略负责人,P5（专家）,8-12年,50K-70K,行业内具备一定影响力，能主导大型项目/业务线战略规划，攻克重大技术/业务难题，推动团队能力迭代与体系搭建。
跨产品线负责人,P5（专家）,8-12年,50K-70K,行业内具备一定影响力，能主导大型项目/业务线战略规划，攻克重大技术/业务难题，推动团队能力迭代与体系搭建。
设计专家,P5（专家）,8-12年,50K-70K,行业内具备一定影响力，能主导大型项目/业务线战略规划，攻克重大技术/业务难题，推动团队能力迭代与体系搭建。
高级设计总监,P5（专家）,8-12年,50K-70K,行业内具备一定影响力，能主导大型项目/业务线战略规划，攻克重大技术/业务难题，推动团队能力迭代与体系搭建。
用户体验战略负责人,P5（专家）,8-12年,50K-70K,行业内具备一定影响力，能主导大型项目/业务线战略规划，攻克重大技术/业务难题，推动团队能力迭代与体系搭建。
设计体系专家,P5（专家）,8-12年,50K-70K,行业内具备一定影响力，能主导大型项目/业务线战略规划，攻克重大技术/业务难题，推动团队能力迭代与体系搭建。
运营专家,P5（专家）,8-12年,45K-65K,行业内具备一定影响力，能主导大型项目/业务线战略规划，攻克重大技术/业务难题，推动团队能力迭代与体系搭建。
高级运营总监,P5（专家）,8-12年,45K-65K,行业内具备一定影响力，能主导大型项目/业务线战略规划，攻克重大技术/业务难题，推动团队能力迭代与体系搭建。
业务增长战略负责人,P5（专家）,8-12年,45K-65K,行业内具备一定影响力，能主导大型项目/业务线战略规划，攻克重大技术/业务难题，推动团队能力迭代与体系搭建。
运营体系专家,P5（专家）,8-12年,45K-65K,行业内具备一定影响力，能主导大型项目/业务线战略规划，攻克重大技术/业务难题，推动团队能力迭代与体系搭建。
市场专家,P5（专家）,8-12年,45K-65K,行业内具备一定影响力，能主导大型项目/业务线战略规划，攻克重大技术/业务难题，推动团队能力迭代与体系搭建。
高级市场总监,P5（专家）,8-12年,45K-65K,行业内具备一定影响力，能主导大型项目/业务线战略规划，攻克重大技术/业务难题，推动团队能力迭代与体系搭建。
品牌战略专家,P5（专家）,8-12年,45K-65K,行业内具备一定影响力，能主导大型项目/业务线战略规划，攻克重大技术/业务难题，推动团队能力迭代与体系搭建。
营销体系负责人,P5（专家）,8-12年,45K-65K,行业内具备一定影响力，能主导大型项目/业务线战略规划，攻克重大技术/业务难题，推动团队能力迭代与体系搭建。
销售总监,P5（专家）,8-12年,30K-40K（底薪）+提成/分红（年综合150K-300K+）,行业内具备一定影响力，能主导大型项目/业务线战略规划，攻克重大技术/业务难题，推动团队能力迭代与体系搭建。
全国销售总监,P5（专家）,8-12年,30K-40K（底薪）+提成/分红（年综合150K-300K+）,行业内具备一定影响力，能主导大型项目/业务线战略规划，攻克重大技术/业务难题，推动团队能力迭代与体系搭建。
销售战略负责人,P5（专家）,8-12年,30K-40K（底薪）+提成/分红（年综合150K-300K+）,
,,,,
